{"seg_loss_weight": 1.0, "_timestamp": 1713898042.854378, "_runtime": 771.4738380908966, "_step": 9965, "l_seg": 0.06481832265853882, "ce_loss_weight": 1.0, "l_ce": 0.0006204944802448153, "mask_loss": 0.06543881446123123, "iou_gt": 0.8461538553237915, "iou_loss_weight": 1.0, "l_iou": 0.0034627390559762716, "loss": 0.06890155375003815, "epoch_loss[step]": 0.06890155375003815, "loss.item()": 0.06890155375003815, "_wandb": {"runtime": 809}}