{"seg_loss_weight": 1.0, "_timestamp": 1713901377.035022, "_runtime": 796.6737949848175, "_step": 9966, "l_seg": 0.09653925895690918, "ce_loss_weight": 1.0, "l_ce": 0.0007601839024573565, "mask_loss": 0.09729944169521332, "iou_gt": 0.7692307829856873, "iou_loss_weight": 1.0, "l_iou": 0.0020028590224683285, "loss": 0.09930229932069778, "epoch_loss[step]": 0.09930229932069778, "loss.item()": 0.09930229932069778, "epoch_loss": 0.05325631549474979, "_wandb": {"runtime": 794}}