{"seg_loss_weight": 1.0, "_timestamp": 1713984589.007544, "_runtime": 786.8282270431519, "_step": 9966, "l_seg": 0.014171123504638672, "ce_loss_weight": 1.0, "l_ce": 0.002580531407147646, "mask_loss": 0.01675165444612503, "iou_gt": 0.9631966352462769, "iou_loss_weight": 1.0, "l_iou": 1.94100334738323e-06, "loss": 0.01675359532237053, "epoch_loss[step]": 0.01675359532237053, "loss.item()": 0.01675359532237053, "epoch_loss": 0.05377487402211949, "_wandb": {"runtime": 786}}