{"seg_loss_weight": 1.0, "_timestamp": 1713899540.040884, "_runtime": 810.800460100174, "_step": 9967, "l_seg": 0.016064047813415527, "ce_loss_weight": 1.0, "l_ce": 0.0005467436858452857, "mask_loss": 0.01661079190671444, "iou_gt": 0.9560439586639404, "iou_loss_weight": 1.0, "l_iou": 0.0003277273790445179, "loss": 0.01693851873278618, "epoch_loss[step]": 0.01693851873278618, "loss.item()": 0.01693851873278618, "epoch_loss": 0.05396814840366739, "train_losses": [0.05396814840366739], "_wandb": {"runtime": 809}}