{"seg_loss_weight": 1.0, "_timestamp": 1713982466.895456, "_runtime": 788.6411681175232, "_step": 9966, "l_seg": 0.028935015201568604, "ce_loss_weight": 1.0, "l_ce": 0.0003387694014236331, "mask_loss": 0.029273783788084984, "iou_gt": 0.8992805480957031, "iou_loss_weight": 1.0, "l_iou": 0.0013527771225199103, "loss": 0.030626561492681503, "epoch_loss[step]": 0.030626561492681503, "loss.item()": 0.030626561492681503, "epoch_loss": 0.05291941675417142, "_wandb": {"runtime": 786}}