{"seg_loss_weight": 1.0, "_timestamp": 1714067736.071573, "_runtime": 7795.403903007507, "_step": 99669, "l_seg": 0.14224553108215332, "ce_loss_weight": 1.0, "l_ce": 0.0017744489014148712, "mask_loss": 0.1440199762582779, "iou_gt": 0.6851851940155029, "iou_loss_weight": 1.0, "l_iou": 0.013555108569562435, "loss": 0.1575750857591629, "epoch_loss[step]": 0.1575750857591629, "loss.item()": 0.1575750857591629, "epoch_loss": 0.14025069489483014, "_wandb": {"runtime": 7793}}